order,budget_per_configuration,runs,detected_configurations,sum_measured_run_seconds
phase-order,1,30,18,8.196751533000112
manual-hint-order,1,30,19,8.421266676999606
phase-order,2,60,18,17.063827362999977
manual-hint-order,2,60,19,17.232701705999492
phase-order,3,90,19,25.606984470999578
manual-hint-order,3,90,20,26.316748484999493
phase-order,4,120,19,34.40901457699965
manual-hint-order,4,120,20,34.65052446999948
phase-order,5,150,19,43.42727614899957
manual-hint-order,5,150,20,43.49510423999936
phase-order,6,180,20,52.3479650189995
manual-hint-order,6,180,20,52.45903776099942
phase-order,7,210,20,61.26754074499934
manual-hint-order,7,210,20,61.34007602399936
phase-order,8,240,20,70.24079476199927
manual-hint-order,8,240,20,70.24414505899927
phase-order,9,270,20,79.21765146799919
manual-hint-order,9,270,20,79.21765146799919
