case,framework,split,kind,design,violating,clean,no_edit,inconclusive,failure_kinds
R01,react,development,text,controlled,9,9,0,0,dom-loss;state-only-loss;submission-loss
R02,react,development,textarea,controlled,9,9,0,0,dom-loss;submission-loss
R03,react,development,checkbox,controlled,9,9,0,0,dom-loss;state-only-loss;submission-loss
R04,react,development,select,controlled,9,9,0,0,dom-loss;state-only-loss;submission-loss
R05,react,development,text,uncontrolled,0,18,0,0,
R06,react,development,text,adopt,0,18,0,0,
R07,react,development,text,disabled,0,9,9,0,
R08,react,development,text,authority,0,18,0,0,
R09,react,development,checkbox,reset,9,9,0,0,dom-loss;state-only-loss;submission-loss
R10,react,development,text,replace,9,9,0,0,dom-loss;state-only-loss;submission-loss
R11,react,development,text,shadow,9,9,0,0,state-only-loss
R12,react,development,select,native,0,18,0,0,
R13,react,development,select,remove,9,7,2,0,dom-loss;state-only-loss;submission-loss
V01,vue,development,text,controlled,9,9,0,0,dom-loss;submission-loss
V02,vue,development,textarea,controlled,9,9,0,0,dom-loss;submission-loss
V03,vue,development,checkbox,controlled,9,9,0,0,dom-loss;submission-loss
V04,vue,development,select,controlled,9,9,0,0,dom-loss;submission-loss
V05,vue,development,text,uncontrolled,14,4,0,0,dom-loss;submission-loss
V06,vue,development,text,adopt,0,18,0,0,
V07,vue,development,text,disabled,0,9,9,0,
V08,vue,development,text,authority,0,18,0,0,
V09,vue,development,checkbox,reset,9,9,0,0,dom-loss;submission-loss
V10,vue,development,text,replace,9,9,0,0,dom-loss;submission-loss
V11,vue,development,text,shadow,14,4,0,0,dom-loss;submission-loss
V12,vue,development,select,native,11,7,0,0,dom-loss;submission-loss
V13,vue,development,select,remove,9,7,2,0,dom-loss;submission-loss
R14,react,holdout,textarea,uncontrolled,9,9,0,0,dom-loss;submission-loss
R15,react,holdout,text,replace-uncontrolled,6,12,0,0,dom-loss;submission-loss
V14,vue,holdout,checkbox,adopt,0,18,0,0,
V15,vue,holdout,select,disabled,0,9,9,0,
